lon,n_extremes
-179.875,574
-179.625,574
-179.375,574
-179.125,574
-178.875,574
-178.625,574
-178.375,574
-178.125,574
-177.875,574
-177.625,574
-177.375,574
-177.125,577
-176.875,577
-176.625,577
-176.375,576
-176.125,576
-175.875,576
-175.625,576
-175.375,574
-175.125,573
-174.875,573
-174.625,573
-174.375,573
-174.125,573
-173.875,573
-173.625,572
-173.375,572
-173.125,573
-172.875,573
-172.625,573
-172.375,576
-172.125,576
-171.875,576
-171.625,576
-171.375,576
-171.125,577
-170.875,577
-170.625,578
-170.375,578
-170.125,577
-169.875,577
-169.625,578
-169.375,578
-169.125,578
-168.875,578
-168.625,578
-168.375,578
-168.125,578
-167.875,578
-167.625,577
-167.375,577
-167.125,577
-166.875,575
-166.625,574
-166.375,575
-166.125,572
-165.875,572
-165.625,571
-165.375,569
-165.125,568
-164.875,567
-164.625,564
-164.375,561
-164.125,561
-163.875,559
-163.625,559
-163.375,561
-163.125,560
-162.875,560
-162.625,562
-162.375,561
-162.125,559
-161.875,559
-161.625,558
-161.375,555
-161.125,553
-160.875,555
-160.625,554
-160.375,550
-160.125,548
-159.875,548
-159.625,547
-159.375,548
-159.125,547
-158.875,547
-158.625,549
-158.375,548
-158.125,546
-157.875,547
-157.625,546
-157.375,543
-157.125,541
-156.875,541
-156.625,540
-156.375,542
-156.125,542
-155.875,542
-155.625,541
-155.375,541
-155.125,543
-154.875,543
-154.625,544
-154.375,545
-154.125,546
-153.875,546
-153.625,548
-153.375,547
-153.125,547
-152.875,548
-152.625,551
-152.375,553
-152.125,553
-151.875,554
-151.625,554
-151.375,552
-151.125,549
-150.875,550
-150.625,550
-150.375,550
-150.125,550
-149.875,550
-149.625,551
-149.375,551
-149.125,551
-148.875,550
-148.625,550
-148.375,550
-148.125,551
-147.875,553
-147.625,553
-147.375,553
-147.125,552
-146.875,552
-146.625,554
-146.375,553
-146.125,553
-145.875,552
-145.625,550
-145.375,548
-145.125,548
-144.875,546
-144.625,546
-144.375,545
-144.125,545
-143.875,543
-143.625,543
-143.375,543
-143.125,544
-142.875,544
-142.625,544
-142.375,544
-142.125,542
-141.875,542
-141.625,542
-141.375,542
-141.125,542
-140.875,542
-140.625,541
-140.375,541
-140.125,541
-139.875,542
-139.625,542
-139.375,541
-139.125,539
-138.875,537
-138.625,537
-138.375,537
-138.125,537
-137.875,536
-137.625,535
-137.375,535
-137.125,534
-136.875,534
-136.625,534
-136.375,532
-136.125,532
-135.875,530
-135.625,529
-135.375,528
-135.125,528
-134.875,525
-134.625,525
-134.375,526
-134.125,526
-133.875,524
-133.625,524
-133.375,522
-133.125,521
-132.875,519
-132.625,517
-132.375,517
-132.125,519
-131.875,520
-131.625,521
-131.375,520
-131.125,520
-130.875,520
-130.625,519
-130.375,518
-130.125,516
-129.875,514
-129.625,513
-129.375,513
-129.125,512
-128.875,510
-128.625,509
-128.375,509
-128.125,507
-127.875,506
-127.625,503
-127.375,503
-127.125,501
-126.875,500
-126.625,498
-126.375,498
-126.125,496
-125.875,494
-125.625,495
-125.375,495
-125.125,496
-124.875,497
-124.625,496
-124.375,497
-124.125,492
-123.875,482
-123.625,466
-123.375,461
-123.125,460
-122.875,458
-122.625,454
-122.375,451
-122.125,447
-121.875,445
-121.625,445
-121.375,442
-121.125,441
-120.875,440
-120.625,439
-120.375,438
-120.125,435
-119.875,435
-119.625,436
-119.375,436
-119.125,436
-118.875,435
-118.625,435
-118.375,435
-118.125,435
-117.875,433
-117.625,433
-117.375,432
-117.125,431
-116.875,429
-116.625,427
-116.375,425
-116.125,424
-115.875,422
-115.625,420
-115.375,417
-115.125,419
-114.875,423
-114.625,424
-114.375,422
-114.125,419
-113.875,418
-113.625,417
-113.375,418
-113.125,418
-112.875,421
-112.625,418
-112.375,417
-112.125,415
-111.875,412
-111.625,409
-111.375,409
-111.125,407
-110.875,410
-110.625,410
-110.375,410
-110.125,409
-109.875,410
-109.625,409
-109.375,408
-109.125,407
-108.875,404
-108.625,403
-108.375,403
-108.125,402
-107.875,401
-107.625,400
-107.375,399
-107.125,399
-106.875,399
-106.625,398
-106.375,395
-106.125,394
-105.875,393
-105.625,392
-105.375,391
-105.125,386
-104.875,380
-104.625,377
-104.375,377
-104.125,377
-103.875,376
-103.625,376
-103.375,375
-103.125,372
-102.875,371
-102.625,372
-102.375,371
-102.125,371
-101.875,370
-101.625,370
-101.375,369
-101.125,367
-100.875,367
-100.625,366
-100.375,365
-100.125,364
-99.875,364
-99.625,364
-99.375,360
-99.125,358
-98.875,358
-98.625,357
-98.375,357
-98.125,357
-97.875,371
-97.625,377
-97.375,385
-97.125,386
-96.875,390
-96.625,392
-96.375,394
-96.125,397
-95.875,397
-95.625,398
-95.375,401
-95.125,401
-94.875,403
-94.625,404
-94.375,405
-94.125,405
-93.875,404
-93.625,403
-93.375,403
-93.125,401
-92.875,400
-92.625,399
-92.375,398
-92.125,396
-91.875,396
-91.625,395
-91.375,395
-91.125,392
-90.875,390
-90.625,389
-90.375,387
-90.125,383
-89.875,380
-89.625,381
-89.375,381
-89.125,382
-88.875,383
-88.625,384
-88.375,391
-88.125,392
-87.875,394
-87.625,398
-87.375,400
-87.125,402
-86.875,402
-86.625,401
-86.375,400
-86.125,399
-85.875,399
-85.625,398
-85.375,394
-85.125,392
-84.875,391
-84.625,392
-84.375,393
-84.125,393
-83.875,399
-83.625,404
-83.375,411
-83.125,410
-82.875,409
-82.625,407
-82.375,404
-82.125,400
-81.875,398
-81.625,402
-81.375,405
-81.125,406
-80.875,403
-80.625,401
-80.375,403
-80.125,401
-79.875,400
-79.625,395
-79.375,393
-79.125,392
-78.875,393
-78.625,393
-78.375,386
-78.125,383
-77.875,377
-77.625,375
-77.375,375
-77.125,371
-76.875,358
-76.625,362
-76.375,364
-76.125,365
-75.875,356
-75.625,355
-75.375,356
-75.125,343
-74.875,336
-74.625,335
-74.375,336
-74.125,331
-73.875,329
-73.625,327
-73.375,318
-73.125,313
-72.875,305
-72.625,300
-72.375,286
-72.125,281
-71.875,280
-71.625,273
-71.375,264
-71.125,255
-70.875,249
-70.625,245
-70.375,241
-70.125,229
-69.875,227
-69.625,221
-69.375,226
-69.125,229
-68.875,234
-68.625,242
-68.375,248
-68.125,249
-67.875,252
-67.625,258
-67.375,263
-67.125,263
-66.875,258
-66.625,252
-66.375,253
-66.125,258
-65.875,265
-65.625,269
-65.375,275
-65.125,285
-64.875,291
-64.625,295
-64.375,296
-64.125,299
-63.875,298
-63.625,301
-63.375,306
-63.125,306
-62.875,307
-62.625,316
-62.375,326
-62.125,336
-61.875,343
-61.625,345
-61.375,351
-61.125,361
-60.875,365
-60.625,368
-60.375,369
-60.125,371
-59.875,372
-59.625,375
-59.375,376
-59.125,378
-58.875,382
-58.625,385
-58.375,386
-58.125,389
-57.875,390
-57.625,391
-57.375,397
-57.125,398
-56.875,403
-56.625,403
-56.375,404
-56.125,405
-55.875,413
-55.625,412
-55.375,411
-55.125,411
-54.875,410
-54.625,411
-54.375,413
-54.125,415
-53.875,421
-53.625,424
-53.375,424
-53.125,424
-52.875,425
-52.625,426
-52.375,429
-52.125,432
-51.875,432
-51.625,432
-51.375,435
-51.125,439
-50.875,441
-50.625,441
-50.375,443
-50.125,448
-49.875,448
-49.625,448
-49.375,449
-49.125,449
-48.875,453
-48.625,463
-48.375,463
-48.125,463
-47.875,459
-47.625,461
-47.375,461
-47.125,462
-46.875,463
-46.625,464
-46.375,465
-46.125,466
-45.875,465
-45.625,464
-45.375,466
-45.125,468
-44.875,470
-44.625,472
-44.375,472
-44.125,473
-43.875,472
-43.625,472
-43.375,474
-43.125,474
-42.875,478
-42.625,481
-42.375,484
-42.125,486
-41.875,489
-41.625,490
-41.375,492
-41.125,496
-40.875,502
-40.625,505
-40.375,506
-40.125,509
-39.875,517
-39.625,519
-39.375,524
-39.125,539
-38.875,540
-38.625,541
-38.375,544
-38.125,547
-37.875,549
-37.625,552
-37.375,554
-37.125,555
-36.875,556
-36.625,557
-36.375,558
-36.125,560
-35.875,562
-35.625,564
-35.375,567
-35.125,574
-34.875,579
-34.625,578
-34.375,579
-34.125,580
-33.875,579
-33.625,579
-33.375,579
-33.125,578
-32.875,578
-32.625,578
-32.375,578
-32.125,578
-31.875,578
-31.625,578
-31.375,578
-31.125,577
-30.875,577
-30.625,577
-30.375,577
-30.125,580
-29.875,580
-29.625,580
-29.375,580
-29.125,580
-28.875,579
-28.625,579
-28.375,579
-28.125,578
-27.875,578
-27.625,578
-27.375,578
-27.125,581
-26.875,581
-26.625,581
-26.375,581
-26.125,581
-25.875,581
-25.625,581
-25.375,581
-25.125,581
-24.875,581
-24.625,581
-24.375,581
-24.125,582
-23.875,583
-23.625,581
-23.375,580
-23.125,581
-22.875,581
-22.625,580
-22.375,580
-22.125,581
-21.875,582
-21.625,580
-21.375,582
-21.125,586
-20.875,586
-20.625,585
-20.375,585
-20.125,585
-19.875,582
-19.625,582
-19.375,582
-19.125,585
-18.875,585
-18.625,585
-18.375,585
-18.125,586
-17.875,586
-17.625,584
-17.375,584
-17.125,587
-16.875,587
-16.625,580
-16.375,569
-16.125,561
-15.875,551
-15.625,539
-15.375,538
-15.125,538
-14.875,536
-14.625,536
-14.375,533
-14.125,532
-13.875,532
-13.625,530
-13.375,528
-13.125,525
-12.875,517
-12.625,516
-12.375,513
-12.125,513
-11.875,511
-11.625,510
-11.375,508
-11.125,512
-10.875,508
-10.625,506
-10.375,503
-10.125,502
-9.875,497
-9.625,491
-9.375,481
-9.125,480
-8.875,475
-8.625,469
-8.375,453
-8.125,449
-7.875,445
-7.625,445
-7.375,446
-7.125,449
-6.875,447
-6.625,449
-6.375,453
-6.125,452
-5.875,448
-5.625,448
-5.375,446
-5.125,446
-4.875,444
-4.625,442
-4.375,439
-4.125,435
-3.875,433
-3.625,432
-3.375,432
-3.125,435
-2.875,435
-2.625,432
-2.375,433
-2.125,437
-1.875,439
-1.625,441
-1.375,439
-1.125,436
-0.875,430
-0.625,429
-0.375,435
-0.125,440
0.125,444
0.375,444
0.625,441
0.875,443
1.125,447
1.375,446
1.625,448
1.875,445
2.125,444
2.375,445
2.625,445
2.875,448
3.125,449
3.375,449
3.625,449
3.875,448
4.125,447
4.375,446
4.625,446
4.875,444
5.125,441
5.375,433
5.625,429
5.875,422
6.125,418
6.375,417
6.625,418
6.875,419
7.125,416
7.375,413
7.625,413
7.875,415
8.125,418
8.375,419
8.625,414
8.875,402
9.125,395
9.375,392
9.625,395
9.875,390
10.125,389
10.375,391
10.625,393
10.875,393
11.125,389
11.375,387
11.625,378
11.875,376
12.125,365
12.375,359
12.625,343
12.875,332
13.125,324
13.375,313
13.625,306
13.875,299
14.125,296
14.375,290
14.625,286
14.875,278
15.125,277
15.375,267
15.625,262
15.875,261
16.125,259
16.375,246
16.625,245
16.875,248
17.125,255
17.375,253
17.625,248
17.875,245
18.125,248
18.375,247
18.625,243
18.875,239
19.125,238
19.375,234
19.625,235
19.875,225
20.125,225
20.375,218
20.625,214
20.875,212
21.125,210
21.375,205
21.625,205
21.875,201
22.125,202
22.375,201
22.625,200
22.875,204
23.125,208
23.375,204
23.625,207
23.875,208
24.125,210
24.375,210
24.625,208
24.875,208
25.125,210
25.375,210
25.625,208
25.875,205
26.125,206
26.375,205
26.625,203
26.875,203
27.125,203
27.375,200
27.625,198
27.875,197
28.125,200
28.375,198
28.625,200
28.875,200
29.125,201
29.375,200
29.625,199
29.875,198
30.125,201
30.375,204
30.625,206
30.875,207
31.125,208
31.375,185
31.625,185
31.875,186
32.125,187
32.375,192
32.625,200
32.875,202
33.125,201
33.375,203
33.625,202
33.875,205
34.125,206
34.375,211
34.625,220
34.875,223
35.125,223
35.375,228
35.625,227
35.875,224
36.125,221
36.375,215
36.625,212
36.875,213
37.125,211
37.375,211
37.625,210
37.875,211
38.125,212
38.375,212
38.625,215
38.875,219
39.125,227
39.375,234
39.625,240
39.875,244
40.125,245
40.375,261
40.625,266
40.875,267
41.125,268
41.375,268
41.625,270
41.875,272
42.125,275
42.375,277
42.625,279
42.875,282
43.125,285
43.375,288
43.625,284
43.875,279
44.125,274
44.375,267
44.625,260
44.875,254
45.125,253
45.375,254
45.625,255
45.875,255
46.125,256
46.375,257
46.625,256
46.875,259
47.125,263
47.375,267
47.625,270
47.875,274
48.125,275
48.375,279
48.625,284
48.875,287
49.125,290
49.375,296
49.625,304
49.875,309
50.125,316
50.375,320
50.625,323
50.875,326
51.125,328
51.375,334
51.625,335
51.875,336
52.125,338
52.375,338
52.625,339
52.875,339
53.125,339
53.375,338
53.625,339
53.875,339
54.125,339
54.375,339
54.625,338
54.875,338
55.125,340
55.375,340
55.625,340
55.875,339
56.125,342
56.375,347
56.625,350
56.875,351
57.125,353
57.375,353
57.625,357
57.875,358
58.125,360
58.375,361
58.625,364
58.875,367
59.125,367
59.375,370
59.625,372
59.875,372
60.125,372
60.375,372
60.625,372
60.875,372
61.125,371
61.375,371
61.625,371
61.875,371
62.125,371
62.375,372
62.625,372
62.875,372
63.125,372
63.375,372
63.625,372
63.875,372
64.125,372
64.375,373
64.625,372
64.875,372
65.125,372
65.375,371
65.625,371
65.875,371
66.125,371
66.375,371
66.625,371
66.875,371
67.125,371
67.375,372
67.625,373
67.875,374
68.125,376
68.375,377
68.625,378
68.875,377
69.125,375
69.375,376
69.625,380
69.875,378
70.125,377
70.375,375
70.625,373
70.875,371
71.125,372
71.375,371
71.625,371
71.875,370
72.125,372
72.375,372
72.625,372
72.875,369
73.125,361
73.375,352
73.625,346
73.875,344
74.125,342
74.375,339
74.625,337
74.875,335
75.125,331
75.375,328
75.625,326
75.875,325
76.125,323
76.375,320
76.625,316
76.875,314
77.125,312
77.375,310
77.625,310
77.875,312
78.125,313
78.375,311
78.625,311
78.875,314
79.125,314
79.375,314
79.625,320
79.875,326
80.125,331
80.375,324
80.625,324
80.875,326
81.125,330
81.375,333
81.625,337
81.875,336
82.125,339
82.375,339
82.625,340
82.875,340
83.125,340
83.375,341
83.625,342
83.875,343
84.125,344
84.375,345
84.625,346
84.875,347
85.125,349
85.375,349
85.625,349
85.875,349
86.125,349
86.375,349
86.625,352
86.875,354
87.125,355
87.375,355
87.625,355
87.875,355
88.125,354
88.375,354
88.625,354
88.875,354
89.125,354
89.375,354
89.625,355
89.875,355
90.125,355
90.375,355
90.625,355
90.875,355
91.125,355
91.375,354
91.625,354
91.875,354
92.125,355
92.375,352
92.625,350
92.875,349
93.125,348
93.375,347
93.625,347
93.875,345
94.125,343
94.375,342
94.625,339
94.875,331
95.125,330
95.375,331
95.625,331
95.875,330
96.125,330
96.375,330
96.625,331
96.875,330
97.125,330
97.375,330
97.625,327
97.875,326
98.125,319
98.375,316
98.625,310
98.875,301
99.125,299
99.375,298
99.625,299
99.875,306
100.125,306
100.375,307
100.625,304
100.875,298
101.125,291
101.375,285
101.625,285
101.875,283
102.125,282
102.375,283
102.625,279
102.875,280
103.125,284
103.375,290
103.625,290
103.875,293
104.125,291
104.375,294
104.625,294
104.875,294
105.125,293
105.375,292
105.625,304
105.875,310
106.125,312
106.375,315
106.625,318
106.875,318
107.125,319
107.375,323
107.625,325
107.875,325
108.125,329
108.375,333
108.625,334
108.875,341
109.125,346
109.375,342
109.625,335
109.875,333
110.125,332
110.375,334
110.625,329
110.875,330
111.125,327
111.375,325
111.625,322
111.875,323
112.125,323
112.375,323
112.625,324
112.875,326
113.125,325
113.375,328
113.625,326
113.875,321
114.125,312
114.375,309
114.625,302
114.875,298
115.125,294
115.375,286
115.625,284
115.875,279
116.125,273
116.375,275
116.625,276
116.875,276
117.125,274
117.375,285
117.625,295
117.875,305
118.125,308
118.375,310
118.625,312
118.875,319
119.125,326
119.375,327
119.625,327
119.875,323
120.125,330
120.375,335
120.625,334
120.875,329
121.125,327
121.375,340
121.625,349
121.875,349
122.125,356
122.375,359
122.625,354
122.875,352
123.125,356
123.375,356
123.625,358
123.875,361
124.125,356
124.375,353
124.625,351
124.875,344
125.125,343
125.375,343
125.625,340
125.875,337
126.125,341
126.375,341
126.625,338
126.875,336
127.125,333
127.375,339
127.625,341
127.875,343
128.125,346
128.375,348
128.625,351
128.875,353
129.125,358
129.375,363
129.625,366
129.875,362
130.125,358
130.375,358
130.625,354
130.875,350
131.125,350
131.375,351
131.625,352
131.875,354
132.125,354
132.375,350
132.625,347
132.875,344
133.125,340
133.375,339
133.625,338
133.875,342
134.125,347
134.375,347
134.625,346
134.875,349
135.125,351
135.375,355
135.625,353
135.875,357
136.125,361
136.375,366
136.625,369
136.875,369
137.125,372
137.375,374
137.625,375
137.875,377
138.125,377
138.375,373
138.625,372
138.875,369
139.125,365
139.375,365
139.625,371
139.875,370
140.125,369
140.375,369
140.625,373
140.875,375
141.125,382
141.375,385
141.625,386
141.875,378
142.125,363
142.375,350
142.625,347
142.875,354
143.125,365
143.375,376
143.625,384
143.875,389
144.125,391
144.375,394
144.625,398
144.875,401
145.125,405
145.375,408
145.625,408
145.875,411
146.125,413
146.375,413
146.625,412
146.875,416
147.125,417
147.375,420
147.625,425
147.875,429
148.125,436
148.375,437
148.625,440
148.875,440
149.125,443
149.375,447
149.625,450
149.875,455
150.125,458
150.375,459
150.625,467
150.875,471
151.125,476
151.375,478
151.625,478
151.875,482
152.125,482
152.375,486
152.625,487
152.875,500
153.125,506
153.375,513
153.625,513
153.875,513
154.125,514
154.375,516
154.625,517
154.875,518
155.125,519
155.375,520
155.625,519
155.875,520
156.125,514
156.375,508
156.625,506
156.875,501
157.125,501
157.375,499
157.625,500
157.875,500
158.125,501
158.375,506
158.625,506
158.875,507
159.125,507
159.375,506
159.625,507
159.875,510
160.125,509
160.375,508
160.625,507
160.875,506
161.125,507
161.375,506
161.625,509
161.875,515
162.125,516
162.375,518
162.625,527
162.875,531
163.125,537
163.375,538
163.625,540
163.875,539
164.125,539
164.375,538
164.625,538
164.875,540
165.125,540
165.375,541
165.625,543
165.875,543
166.125,544
166.375,544
166.625,543
166.875,544
167.125,541
167.375,541
167.625,543
167.875,542
168.125,542
168.375,540
168.625,539
168.875,539
169.125,540
169.375,540
169.625,541
169.875,543
170.125,544
170.375,544
170.625,548
170.875,548
171.125,552
171.375,552
171.625,551
171.875,550
172.125,550
172.375,550
172.625,550
172.875,553
173.125,554
173.375,556
173.625,555
173.875,557
174.125,557
174.375,560
174.625,560
174.875,557
175.125,553
175.375,550
175.625,547
175.875,550
176.125,553
176.375,555
176.625,556
176.875,560
177.125,561
177.375,563
177.625,563
177.875,563
178.125,563
178.375,567
178.625,569
178.875,570
179.125,571
179.375,573
179.625,573
179.875,573
